{"cameraMode":{"drawMode":0,"name":"Shaded","section":"Shading Mode"},"sceneLighting":true,"audioPlay":false,"sceneViewState":{"showFog":true,"showMaterialUpdate":true,"showSkybox":true,"showFlares":true,"showImageEffects":true,"showParticleSystems":true},"in2DMode":false,"pivot":{"x":10.879325866699219,"y":5.4151291847229,"z":5.46280574798584},"rotation":{"x":0.13239972293376923,"y":-0.04013943672180176,"z":0.005330441985279322,"w":0.9903690218925476},"size":22.441211700439454,"orthographic":true}