{"cameraMode":{"drawMode":0,"name":"Shaded","section":"Shading Mode"},"sceneLighting":false,"audioPlay":false,"sceneViewState":{"showFog":true,"showMaterialUpdate":true,"showSkybox":true,"showFlares":true,"showImageEffects":true,"showParticleSystems":true},"in2DMode":false,"pivot":{"x":-6.088865756988525,"y":1.8569269180297852,"z":-1.499068260192871},"rotation":{"x":-0.1284976750612259,"y":-0.5661765336990356,"z":0.08994287252426148,"w":-0.8092235326766968},"size":5.214652061462402,"orthographic":false}