{"cameraMode":{"drawMode":0,"name":"Shaded","section":"Shading Mode"},"sceneLighting":false,"audioPlay":false,"sceneViewState":{"showFog":true,"showMaterialUpdate":true,"showSkybox":true,"showFlares":true,"showImageEffects":true,"showParticleSystems":true},"in2DMode":false,"pivot":{"x":2.6030945777893068,"y":0.6668477654457092,"z":-0.7326418161392212},"rotation":{"x":-0.0627710223197937,"y":0.2270209789276123,"z":-0.014632025733590126,"w":-0.9717547297477722},"size":22.0,"orthographic":false}